Patient,Role,Scenario,Policy,TIR,TBR,TBR_<54,TAR,RescueCorrections,SelectedPolicy,TrainingMetAllTargets,Baseline_TIR,Baseline_TBR,Baseline_TBR_<54,Baseline_TAR,Baseline_RescueCorrections,Delta_TIR,Delta_TBR,Delta_TBR_<54,Delta_TAR,Delta_RescueCorrections
adolescent#001,adolescent,3,100%,98.0,0.7083333333333334,0.0625,1.2916666666666667,0,100%,True,98.0,0.7083333333333334,0.0625,1.2916666666666667,0,0.0,0.0,0.0,0.0,0
adolescent#002,adolescent,3,80%,59.395833333333336,2.1041666666666665,0.38888888888888895,38.5,34,80%,False,58.99305555555555,5.555555555555555,1.472222222222222,35.45138888888889,30,0.4027777777777857,-3.451388888888889,-1.083333333333333,3.048611111111107,4
adolescent#003,adolescent,3,100%,79.63194444444444,3.819444444444444,0.9513888888888888,16.54861111111111,4,100%,True,79.63194444444444,3.819444444444444,0.9513888888888888,16.54861111111111,4,0.0,0.0,0.0,0.0,0
adolescent#004,adolescent,3,90%,71.56944444444444,3.743055555555556,1.3263888888888888,24.6875,12,90%,False,74.09027777777779,6.4375,2.5069444444444446,19.47222222222222,10,-2.520833333333343,-2.694444444444444,-1.1805555555555558,5.215277777777779,2
adolescent#005,adolescent,3,100%,72.625,4.611111111111112,1.673611111111111,22.76388888888889,31,100%,False,72.625,4.611111111111112,1.673611111111111,22.76388888888889,31,0.0,0.0,0.0,0.0,0
adolescent#006,adolescent,3,100%,93.83333333333333,0.0,0.0,6.166666666666667,1,100%,True,93.83333333333333,0.0,0.0,6.166666666666667,1,0.0,0.0,0.0,0.0,0
adolescent#008,adolescent,3,100%,70.51388888888889,0.8055555555555556,0.0,28.680555555555554,33,100%,False,70.51388888888889,0.8055555555555556,0.0,28.680555555555554,33,0.0,0.0,0.0,0.0,0
adolescent#009,adolescent,3,100%,79.14583333333333,3.4375,1.0,17.416666666666668,9,100%,True,79.14583333333333,3.4375,1.0,17.416666666666668,9,0.0,0.0,0.0,0.0,0
adolescent#010,adolescent,3,100%,93.51388888888889,1.777777777777778,0.034722222222222224,4.708333333333333,0,100%,True,93.51388888888889,1.777777777777778,0.034722222222222224,4.708333333333333,0,0.0,0.0,0.0,0.0,0
adult#001,adult,3,90%,76.59722222222221,5.5,1.6458333333333333,17.90277777777778,0,90%,False,74.73611111111111,9.680555555555555,2.7847222222222223,15.583333333333334,0,1.8611111111111,-4.180555555555555,-1.138888888888889,2.3194444444444446,0
adult#002,adult,3,80%,93.25,2.9305555555555554,0.5972222222222221,3.819444444444444,0,80%,True,89.98611111111111,7.354166666666667,1.5763888888888888,2.6597222222222223,0,3.2638888888888857,-4.423611111111112,-0.9791666666666667,1.1597222222222219,0
adult#003,adult,3,100%,93.92361111111111,0.0486111111111111,0.0,6.027777777777778,0,100%,True,93.92361111111111,0.0486111111111111,0.0,6.027777777777778,0,0.0,0.0,0.0,0.0,0
adult#004,adult,3,100%,88.61111111111111,0.625,0.0,10.76388888888889,4,100%,True,88.61111111111111,0.625,0.0,10.76388888888889,4,0.0,0.0,0.0,0.0,0
adult#005,adult,3,100%,92.58333333333333,0.6805555555555555,0.0,6.736111111111112,1,100%,True,92.58333333333333,0.6805555555555555,0.0,6.736111111111112,1,0.0,0.0,0.0,0.0,0
adult#006,adult,3,100%,84.16666666666667,1.8402777777777777,0.18055555555555555,13.993055555555554,2,100%,True,84.16666666666667,1.8402777777777777,0.18055555555555555,13.993055555555554,2,0.0,0.0,0.0,0.0,0
adult#007,adult,3,100%,92.67361111111111,1.0,0.027777777777777776,6.326388888888888,0,100%,True,92.67361111111111,1.0,0.027777777777777776,6.326388888888888,0,0.0,0.0,0.0,0.0,0
adult#008,adult,3,90%,92.25,2.201388888888889,0.04861111111111111,5.548611111111112,0,90%,True,91.0625,5.104166666666667,0.4513888888888889,3.8333333333333335,0,1.1875,-2.902777777777778,-0.4027777777777778,1.7152777777777781,0
adult#009,adult,3,60%,53.70138888888889,4.784722222222223,1.215277777777778,41.51388888888889,19,60%,False,47.99305555555556,17.583333333333332,10.680555555555555,34.42361111111111,14,5.708333333333336,-12.798611111111109,-9.465277777777777,7.090277777777786,5
adult#010,adult,3,100%,81.02083333333333,4.9375,1.3958333333333333,14.041666666666666,3,100%,True,81.02083333333333,4.9375,1.3958333333333333,14.041666666666666,3,0.0,0.0,0.0,0.0,0
child#001,child,3,100%,79.78472222222221,6.381944444444445,1.3402777777777777,13.833333333333334,3,100%,False,79.78472222222221,6.381944444444445,1.3402777777777777,13.833333333333334,3,0.0,0.0,0.0,0.0,0
child#002,child,3,90%,84.09722222222221,2.3541666666666665,0.5625,13.54861111111111,1,90%,True,83.78472222222221,5.111111111111112,1.0069444444444444,11.104166666666666,1,0.3125,-2.756944444444445,-0.4444444444444444,2.4444444444444446,0
child#003,child,3,90%,74.08333333333333,7.923611111111112,3.0555555555555554,17.993055555555554,7,90%,False,72.27083333333333,12.152777777777777,4.305555555555555,15.57638888888889,8,1.8125,-4.229166666666665,-1.25,2.4166666666666643,-1
child#004,child,3,80%,57.73611111111111,6.972222222222223,1.034722222222222,35.291666666666664,33,80%,False,56.229166666666664,12.541666666666666,3.2638888888888884,31.229166666666668,1,1.5069444444444429,-5.569444444444443,-2.229166666666666,4.0624999999999964,32
child#005,child,3,100%,84.84027777777779,10.17361111111111,2.180555555555556,4.986111111111112,5,100%,False,84.84027777777779,10.17361111111111,2.180555555555556,4.986111111111112,5,0.0,0.0,0.0,0.0,0
child#006,child,3,100%,83.81944444444444,3.819444444444444,1.1458333333333333,12.36111111111111,6,100%,True,83.81944444444444,3.819444444444444,1.1458333333333333,12.36111111111111,6,0.0,0.0,0.0,0.0,0
child#007,child,3,80%,94.0,4.506944444444445,0.548611111111111,1.4930555555555556,0,80%,True,91.625,7.479166666666667,1.2569444444444444,0.8958333333333334,0,2.375,-2.9722222222222223,-0.7083333333333334,0.5972222222222222,0
child#009,child,3,100%,85.77083333333333,7.138888888888888,1.784722222222222,7.090277777777777,0,100%,False,85.77083333333333,7.138888888888888,1.784722222222222,7.090277777777777,0,0.0,0.0,0.0,0.0,0
child#010,child,3,100%,78.5625,4.951388888888889,0.8888888888888888,16.48611111111111,21,100%,True,78.5625,4.951388888888889,0.8888888888888888,16.48611111111111,21,0.0,0.0,0.0,0.0,0
